origin,dest,flight_count,avg_arrival_delay,avg_distance
EWR,RIC,1667,25.820433436532507,277.0
EWR,MKE,1094,24.003780718336483,725.0
EWR,PWM,770,23.005479452054793,284.0
JFK,CMH,742,22.920567375886524,483.0
EWR,DCA,1719,21.31397574984046,199.0
EWR,ROC,513,20.66393442622951,246.0
EWR,MCI,1356,20.239811912225704,1092.0
EWR,MEM,926,19.907692307692308,946.0
LGA,CAK,864,19.69833729216152,397.0
EWR,GRR,719,19.370639534883722,605.0
JFK,CVG,997,19.105042016806724,589.0
EWR,DAY,1134,18.3841059602649,533.0
EWR,GSP,745,18.143063583815028,594.0
EWR,SAV,736,17.690161527165934,708.0
EWR,GSO,1120,17.6622009569378,445.0
JFK,CLE,707,17.384384384384383,425.0
EWR,SDF,894,16.459016393442624,642.0
EWR,STL,2516,16.2893850042123,872.0
EWR,CHS,1424,16.1861504095309,628.0
EWR,JAX,1242,15.992417860151642,820.0
EWR,BWI,545,15.076335877862595,169.0
EWR,CVG,2673,14.92558694787107,569.0
EWR,OMA,754,14.819559228650137,1134.0
EWR,IAD,1236,14.800332778702163,212.0
EWR,MHT,867,14.428398058252426,209.0
EWR,MDW,2043,13.710764587525151,711.0
LGA,IAD,1803,13.708257986739,229.0
JFK,IAD,2661,13.52061855670103,228.0
EWR,ATL,5022,13.23318293683347,746.0
JFK,ORD,2326,13.141640519946213,740.0
JFK,PBI,1739,13.091067285382831,1028.0
EWR,BNA,2336,12.708165997322624,748.0
JFK,PHL,976,12.68826815642458,94.0
EWR,RDU,1482,12.661256175017643,416.0
EWR,ORF,584,12.5637707948244,284.0
EWR,IND,1301,12.20628525382756,645.0
EWR,BTV,931,12.186230248306998,266.0
JFK,BNA,730,12.155619596541786,765.0
LGA,ATL,10263,11.322477840852505,762.0
LGA,BNA,3267,11.099396633852017,764.0
LGA,MDW,2070,11.050073637702504,725.0
EWR,DTW,3178,10.915586573612496,488.0
JFK,DEN,703,10.82496413199426,1626.0
JFK,RDU,3100,10.661079450217901,427.0
JFK,ORF,746,10.581661891117479,290.0
JFK,AUS,1471,10.29436038514443,1521.0
JFK,ROC,1679,10.148125755743651,264.0
LGA,CLE,2112,10.037037037037036,419.0
EWR,BUF,973,9.696581196581196,282.0
LGA,PIT,1067,9.634387351778656,335.0
EWR,HOU,976,9.618143459915611,1411.0
LGA,FLL,4008,9.612363820623258,1076.0
EWR,CMH,724,9.60204081632653,463.0
JFK,JAX,1299,9.38699444885012,828.0
EWR,MSY,1155,9.242666666666667,1167.0
JFK,BUF,3582,9.141799544419134,301.0
EWR,DEN,2859,9.033747779751332,1605.0
JFK,SYR,1311,9.01547987616099,209.0
EWR,ORD,6100,8.997254632807138,719.0
JFK,BWI,1221,8.984320557491289,184.0
JFK,MSP,1095,8.774193548387096,1029.0
LGA,RDU,3581,8.416617210682492,431.0
EWR,MSP,2377,8.395565410199557,1008.0
LGA,TPA,2145,8.206491063029162,1010.0
JFK,BTV,1364,8.129175946547884,266.0
JFK,PDX,783,8.057766367137356,2454.0
EWR,PBI,2351,7.869751499571551,1023.0
LGA,MCO,3677,7.862002743484225,950.0
LGA,DEN,3704,7.854799015586546,1620.0
EWR,CLT,5026,7.7819333742080525,529.0
EWR,FLL,3793,7.761229946524064,1065.0
JFK,HOU,714,7.69901547116737,1428.0
JFK,TPA,2987,7.656154628687691,1005.0
JFK,IND,689,7.52887537993921,665.0
JFK,DCA,3270,7.517555266579974,213.0
LGA,CLT,6168,7.37980204663647,544.0
JFK,PWM,1304,7.2972762645914395,273.0
LGA,MKE,1525,7.252873563218391,738.0
JFK,MSY,1633,7.150753768844221,1182.0
LGA,XNA,745,7.114245416078984,1147.0
LGA,RSW,761,7.0611702127659575,1080.0
JFK,RSW,1339,6.973604826546003,1074.0
JFK,BQN,599,6.942664418212479,1576.0
JFK,FLL,4254,6.932541567695962,1069.0
JFK,PIT,1249,6.921030756442228,340.0
JFK,CLT,2870,6.587588652482269,541.0
LGA,CMH,2058,6.4671834625323,479.0
EWR,TPA,2334,6.360259179265658,997.0
JFK,ATL,1930,6.273958333333334,760.0
LGA,MSP,3713,6.1312154696132595,1020.0
LGA,PBI,2464,6.015232606010704,1035.0
LGA,DCA,4716,5.838406445837063,214.0
LGA,PHL,607,5.7792642140468224,96.0
EWR,PIT,559,5.67984934086629,319.0
LGA,RIC,538,5.642424242424243,292.0
JFK,DTW,1166,5.6041292639138245,509.0
LGA,CHS,500,5.548523206751055,641.0
EWR,IAH,3973,5.406576599541167,1400.0
JFK,MCO,5464,5.304475962424019,944.0
JFK,CHS,960,5.1571125265392785,636.0
EWR,CLE,1754,5.035838150289018,404.0
JFK,BOS,5898,4.913043478260869,187.0
EWR,BOS,5327,4.783685915761388,200.0
LGA,SRQ,737,4.593964334705076,1047.0
JFK,DFW,732,4.161849710982659,1391.0
LGA,STL,1822,4.088285229202038,888.0
EWR,MIA,2633,3.979278587874137,1085.0
EWR,MCO,4941,3.8279174330676478,937.0
JFK,SAN,1603,3.2323232323232323,2446.0
EWR,SAN,1134,3.008,2425.0
JFK,SJU,4752,2.9934182590233545,1598.0
EWR,LAX,4912,2.9034312718306965,2454.0
JFK,SFO,8204,2.879639906276976,2586.0
EWR,PHX,2723,2.8696461824953445,2133.0
EWR,SFO,5127,2.3418246445497632,2565.0
LGA,MSY,1011,2.3336673346693386,1183.0
LGA,DTW,5040,2.0273023634881824,502.0
EWR,DFW,3148,1.89814200398142,1372.0
LGA,ORD,8857,1.8334312918772775,733.0
LGA,IAH,2951,1.450363196125908,1416.0
LGA,MEM,862,1.3464285714285715,963.0
EWR,PDX,571,1.1065719360568385,2434.0
JFK,PHX,1933,1.017178552837064,2153.0
JFK,LAS,3987,0.7735991923271075,2248.0
EWR,SJU,1067,0.42521166509877706,1608.0
JFK,LGB,668,-0.06202723146747353,2465.0
LGA,MIA,5781,-0.06576639775517362,1096.0
EWR,SEA,1831,-0.3453038674033149,2402.0
EWR,AUS,968,-0.47439916405433646,1504.0
JFK,LAX,11262,-0.480598619948024,2475.0
EWR,LAS,2010,-0.7693467336683417,2227.0
LGA,DFW,4858,-1.2599316531396838,1389.0
JFK,SLC,2113,-1.6961904761904762,1990.0
JFK,SEA,2092,-1.7566265060240964,2422.0
JFK,MIA,3314,-1.987214611872146,1089.0
EWR,RSW,1437,-2.259129213483146,1068.0
LGA,BOS,4283,-2.4195402298850577,184.0
EWR,SNA,825,-7.8682266009852215,2434.0
